"Clasificador","Accuracy","Precision","Sensitivity","Specificity"
"Aleatorio",0.509401441554372,0.115384615384615,0.510548523206751,0.509257626520896
"Clase mayoritaria",0.888592917580696,NA,0,1
